{"v":"5.5.7","meta":{"g":"LottieFiles AE 0.1.21","a":"","k":"","d":"","tc":""},"fr":60,"ip":0,"op":60,"w":512,"h":512,"nm":"Loading Animation Bored Hand","ddd":0,"assets":[],"layers":[{"ddd":0,"ind":2,"ty":4,"nm":"LOADING Outlines","sr":1,"ks":{"o":{"a":0,"k":100,"ix":11},"r":{"a":0,"k":0,"ix":10},"p":{"a":0,"k":[255.892,367,0],"ix":2},"a":{"a":0,"k":[0,0,0],"ix":1},"s":{"a":0,"k":[100,100,100],"ix":6}},"ao":0,"shapes":[{"ty":"gr","it":[{"ind":0,"ty":"sh","ix":1,"ks":{"a":0,"k":{"i":[[0,0],[0,0],[0,0],[0,0],[0,0],[0,0]],"o":[[0,0],[0,0],[0,0],[0,0],[0,0],[0,0]],"v":[[-33.44,0],[-33.44,-3.04],[-39.767,-3.04],[-39.767,-13.566],[-43.301,-13.566],[-43.301,0]],"c":true},"ix":2},"nm":"L","mn":"ADBE Vector Shape - Group","hd":false},{"ty":"fl","c":{"a":0,"k":[0.266666666667,0.266666666667,0.266666666667,1],"ix":4},"o":{"a":0,"k":100,"ix":5},"r":1,"bm":0,"nm":"Fill 1","mn":"ADBE Vector Graphic - Fill","hd":false},{"ty":"tr","p":{"a":1,"k":[{"i":{"x":0,"y":1},"o":{"x":1,"y":0},"t":0,"s":[0,0],"to":[0,-0.569],"ti":[0,1.578]},{"i":{"x":0,"y":1},"o":{"x":1,"y":0},"t":5,"s":[0,-3.686],"to":[0,-2.122],"ti":[0,-0.614]},{"t":9.34765625,"s":[0,0]}],"ix":2},"a":{"a":0,"k":[0,0],"ix":1},"s":{"a":0,"k":[100,100],"ix":3},"r":{"a":0,"k":0,"ix":6},"o":{"a":0,"k":100,"ix":7},"sk":{"a":0,"k":0,"ix":4},"sa":{"a":0,"k":0,"ix":5},"nm":"Transform"}],"nm":"L","np":3,"cix":2,"bm":0,"ix":1,"mn":"ADBE Vector Group","hd":false},{"ty":"gr","it":[{"ind":0,"ty":"sh","ix":1,"ks":{"a":0,"k":{"i":[[-1.166,-1.304],[-2.078,0],[-1.216,1.368],[0,2.04],[1.165,1.305],[2.077,0],[1.216,-1.368],[0,-2.039]],"o":[[1.216,1.368],[2.077,0],[1.165,-1.304],[0,-2.039],[-1.216,-1.368],[-2.078,0],[-1.166,1.305],[0,2.04]],"v":[[-30.457,-1.767],[-25.517,0.285],[-20.577,-1.767],[-18.829,-6.783],[-20.577,-11.799],[-25.517,-13.851],[-30.457,-11.799],[-32.205,-6.783]],"c":true},"ix":2},"nm":"O","mn":"ADBE Vector Shape - Group","hd":false},{"ind":1,"ty":"sh","ix":2,"ks":{"a":0,"k":{"i":[[-0.482,0.722],[-1.064,0],[-0.558,-0.836],[0,-1.127],[0.481,-0.722],[1.064,0],[0.557,0.836],[0,1.128]],"o":[[0.557,-0.836],[1.064,0],[0.481,0.722],[0,1.128],[-0.558,0.836],[-1.064,0],[-0.482,-0.722],[0,-1.127]],"v":[[-27.949,-9.557],[-25.517,-10.811],[-23.085,-9.557],[-22.363,-6.783],[-23.085,-4.009],[-25.517,-2.755],[-27.949,-4.009],[-28.671,-6.783]],"c":true},"ix":2},"nm":"O","mn":"ADBE Vector Shape - Group","hd":false},{"ty":"fl","c":{"a":0,"k":[0.266666666667,0.266666666667,0.266666666667,1],"ix":4},"o":{"a":0,"k":100,"ix":5},"r":1,"bm":0,"nm":"Fill 1","mn":"ADBE Vector Graphic - Fill","hd":false},{"ty":"tr","p":{"a":1,"k":[{"i":{"x":0,"y":1},"o":{"x":1,"y":0},"t":5,"s":[0,0],"to":[0,-0.525],"ti":[0,1.447]},{"i":{"x":0,"y":1},"o":{"x":1,"y":0},"t":11,"s":[0,-3.326],"to":[0,-2.226],"ti":[0,-0.554]},{"t":14.95703125,"s":[0,0]}],"ix":2},"a":{"a":0,"k":[0,0],"ix":1},"s":{"a":0,"k":[100,100],"ix":3},"r":{"a":0,"k":0,"ix":6},"o":{"a":0,"k":100,"ix":7},"sk":{"a":0,"k":0,"ix":4},"sa":{"a":0,"k":0,"ix":5},"nm":"Transform"}],"nm":"O","np":4,"cix":2,"bm":0,"ix":2,"mn":"ADBE Vector Group","hd":false},{"ty":"gr","it":[{"ind":0,"ty":"sh","ix":1,"ks":{"a":0,"k":{"i":[[0,0],[0,0],[0,0],[0,0]],"o":[[0,0],[0,0],[0,0],[0,0]],"v":[[-11.419,-9.804],[-9.918,-5.054],[-12.996,-5.054],[-11.457,-9.804]],"c":true},"ix":2},"nm":"A","mn":"ADBE Vector Shape - Group","hd":false},{"ind":1,"ty":"sh","ix":2,"ks":{"a":0,"k":{"i":[[0,0],[0,0],[0,0],[0,0],[0,0],[0,0],[0,0],[0,0]],"o":[[0,0],[0,0],[0,0],[0,0],[0,0],[0,0],[0,0],[0,0]],"v":[[-14.668,0],[-13.813,-2.432],[-9.082,-2.432],[-8.246,0],[-4.56,0],[-9.633,-13.566],[-13.224,-13.566],[-18.297,0]],"c":true},"ix":2},"nm":"A","mn":"ADBE Vector Shape - Group","hd":false},{"ty":"fl","c":{"a":0,"k":[0.266666666667,0.266666666667,0.266666666667,1],"ix":4},"o":{"a":0,"k":100,"ix":5},"r":1,"bm":0,"nm":"Fill 1","mn":"ADBE Vector Graphic - Fill","hd":false},{"ty":"tr","p":{"a":1,"k":[{"i":{"x":0,"y":1},"o":{"x":1,"y":0},"t":11,"s":[0,0],"to":[0,-0.552],"ti":[0,1.53]},{"i":{"x":0,"y":1},"o":{"x":1,"y":0},"t":16,"s":[0,-3.55],"to":[0,-2.163],"ti":[0,-0.592]},{"t":20.564453125,"s":[0,0]}],"ix":2},"a":{"a":0,"k":[0,0],"ix":1},"s":{"a":0,"k":[100,100],"ix":3},"r":{"a":0,"k":0,"ix":6},"o":{"a":0,"k":100,"ix":7},"sk":{"a":0,"k":0,"ix":4},"sa":{"a":0,"k":0,"ix":5},"nm":"Transform"}],"nm":"A","np":4,"cix":2,"bm":0,"ix":3,"mn":"ADBE Vector Group","hd":false},{"ty":"gr","it":[{"ind":0,"ty":"sh","ix":1,"ks":{"a":0,"k":{"i":[[0,0],[-1.172,1.178],[0,2.204],[1.178,1.191],[2.077,0],[0,0],[0,0]],"o":[[2.09,0],[1.171,-1.178],[0,-2.102],[-1.178,-1.19],[0,0],[0,0],[0,0]],"v":[[2.299,0],[7.192,-1.767],[8.949,-6.84],[7.182,-11.78],[2.299,-13.566],[-3.534,-13.566],[-3.534,0]],"c":true},"ix":2},"nm":"D","mn":"ADBE Vector Shape - Group","hd":false},{"ind":1,"ty":"sh","ix":2,"ks":{"a":0,"k":{"i":[[0,0],[0,-2.444],[0.576,-0.595],[1.342,0],[0,0],[0,0]],"o":[[2.495,0],[0,1.356],[-0.577,0.596],[0,0],[0,0],[0,0]],"v":[[1.672,-10.526],[5.415,-6.859],[4.551,-3.933],[1.672,-3.04],[0,-3.04],[0,-10.526]],"c":true},"ix":2},"nm":"D","mn":"ADBE Vector Shape - Group","hd":false},{"ty":"fl","c":{"a":0,"k":[0.266666666667,0.266666666667,0.266666666667,1],"ix":4},"o":{"a":0,"k":100,"ix":5},"r":1,"bm":0,"nm":"Fill 1","mn":"ADBE Vector Graphic - Fill","hd":false},{"ty":"tr","p":{"a":1,"k":[{"i":{"x":0,"y":1},"o":{"x":1,"y":0},"t":16,"s":[0,0],"to":[0,-0.512],"ti":[0,1.404]},{"i":{"x":0,"y":1},"o":{"x":1,"y":0},"t":22,"s":[0,-3.212],"to":[0,-2.255],"ti":[0,-0.535]},{"t":26.173828125,"s":[0,0]}],"ix":2},"a":{"a":0,"k":[0,0],"ix":1},"s":{"a":0,"k":[100,100],"ix":3},"r":{"a":0,"k":0,"ix":6},"o":{"a":0,"k":100,"ix":7},"sk":{"a":0,"k":0,"ix":4},"sa":{"a":0,"k":0,"ix":5},"nm":"Transform"}],"nm":"D","np":4,"cix":2,"bm":0,"ix":4,"mn":"ADBE Vector Group","hd":false},{"ty":"gr","it":[{"ind":0,"ty":"sh","ix":1,"ks":{"a":0,"k":{"i":[[0,0],[0,0],[0,0],[0,0]],"o":[[0,0],[0,0],[0,0],[0,0]],"v":[[14.421,0],[14.421,-13.566],[10.887,-13.566],[10.887,0]],"c":true},"ix":2},"nm":"I","mn":"ADBE Vector Shape - Group","hd":false},{"ty":"fl","c":{"a":0,"k":[0.266666666667,0.266666666667,0.266666666667,1],"ix":4},"o":{"a":0,"k":100,"ix":5},"r":1,"bm":0,"nm":"Fill 1","mn":"ADBE Vector Graphic - Fill","hd":false},{"ty":"tr","p":{"a":1,"k":[{"i":{"x":0,"y":1},"o":{"x":1,"y":0},"t":22,"s":[0,0],"to":[0,-0.537],"ti":[0,1.483]},{"i":{"x":0,"y":1},"o":{"x":1,"y":0},"t":28,"s":[0,-3.423],"to":[0,-2.199],"ti":[0,-0.57]},{"t":31.783203125,"s":[0,0]}],"ix":2},"a":{"a":0,"k":[0,0],"ix":1},"s":{"a":0,"k":[100,100],"ix":3},"r":{"a":0,"k":0,"ix":6},"o":{"a":0,"k":100,"ix":7},"sk":{"a":0,"k":0,"ix":4},"sa":{"a":0,"k":0,"ix":5},"nm":"Transform"}],"nm":"I","np":3,"cix":2,"bm":0,"ix":5,"mn":"ADBE Vector Group","hd":false},{"ty":"gr","it":[{"ind":0,"ty":"sh","ix":1,"ks":{"a":0,"k":{"i":[[0,0],[0,0],[0,0],[0,0],[0,0],[0,0],[0,0],[0,0],[0,0],[0,0]],"o":[[0,0],[0,0],[0,0],[0,0],[0,0],[0,0],[0,0],[0,0],[0,0],[0,0]],"v":[[20.159,0],[20.159,-8.455],[24.892,0],[28.538,0],[28.538,-13.566],[25.213,-13.566],[25.213,-5.206],[20.479,-13.566],[16.834,-13.566],[16.834,0]],"c":true},"ix":2},"nm":"N","mn":"ADBE Vector Shape - Group","hd":false},{"ty":"fl","c":{"a":0,"k":[0.266666666667,0.266666666667,0.266666666667,1],"ix":4},"o":{"a":0,"k":100,"ix":5},"r":1,"bm":0,"nm":"Fill 1","mn":"ADBE Vector Graphic - Fill","hd":false},{"ty":"tr","p":{"a":1,"k":[{"i":{"x":0,"y":1},"o":{"x":1,"y":0},"t":28,"s":[0,0],"to":[0,-0.565],"ti":[0,1.569]},{"i":{"x":0,"y":1},"o":{"x":1,"y":0},"t":33,"s":[0,-3.659],"to":[0,-2.13],"ti":[0,-0.61]},{"t":37.390625,"s":[0,0]}],"ix":2},"a":{"a":0,"k":[0,0],"ix":1},"s":{"a":0,"k":[100,100],"ix":3},"r":{"a":0,"k":0,"ix":6},"o":{"a":0,"k":100,"ix":7},"sk":{"a":0,"k":0,"ix":4},"sa":{"a":0,"k":0,"ix":5},"nm":"Transform"}],"nm":"N","np":3,"cix":2,"bm":0,"ix":6,"mn":"ADBE Vector Group","hd":false},{"ty":"gr","it":[{"ind":0,"ty":"sh","ix":1,"ks":{"a":0,"k":{"i":[[0,0],[0,0],[0,0],[0.557,-0.373],[0.861,0],[0.557,0.836],[0,1.128],[-0.482,0.722],[-1.064,0],[-0.507,-0.335],[-0.051,-0.57],[0,0],[1.266,0.887],[1.545,0],[1.247,-1.349],[0,-2.014],[-1.229,-1.33],[-2.014,0],[-0.836,1.178],[0,0],[0,0],[0,0]],"o":[[0,0],[0,0],[-0.102,0.621],[-0.558,0.374],[-1.064,0],[-0.482,-0.722],[0,-1.127],[0.557,-0.836],[0.722,0],[0.506,0.336],[0,0],[-0.152,-1.596],[-1.128,-0.785],[-2.014,0],[-1.248,1.349],[0,2.014],[1.266,1.368],[1.684,0],[0,0],[0,0],[0,0],[0,0]],"v":[[37.772,-7.429],[37.772,-4.807],[40.242,-4.807],[39.254,-3.316],[37.126,-2.755],[34.694,-4.009],[33.972,-6.783],[34.694,-9.557],[37.126,-10.811],[38.969,-10.307],[39.805,-8.949],[43.339,-8.949],[41.211,-12.673],[37.202,-13.851],[32.309,-11.827],[30.438,-6.783],[32.281,-1.767],[37.202,0.285],[40.983,-1.482],[41.192,0],[43.472,0],[43.472,-7.429]],"c":true},"ix":2},"nm":"G","mn":"ADBE Vector Shape - Group","hd":false},{"ty":"fl","c":{"a":0,"k":[0.266666666667,0.266666666667,0.266666666667,1],"ix":4},"o":{"a":0,"k":100,"ix":5},"r":1,"bm":0,"nm":"Fill 1","mn":"ADBE Vector Graphic - Fill","hd":false},{"ty":"tr","p":{"a":1,"k":[{"i":{"x":0,"y":1},"o":{"x":1,"y":0},"t":33,"s":[0,0],"to":[0,-0.522],"ti":[0,1.438]},{"i":{"x":0,"y":1},"o":{"x":1,"y":0},"t":39,"s":[0,-3.302],"to":[0,-2.232],"ti":[0,-0.55]},{"t":43,"s":[0,0]}],"ix":2},"a":{"a":0,"k":[0,0],"ix":1},"s":{"a":0,"k":[100,100],"ix":3},"r":{"a":0,"k":0,"ix":6},"o":{"a":0,"k":100,"ix":7},"sk":{"a":0,"k":0,"ix":4},"sa":{"a":0,"k":0,"ix":5},"nm":"Transform"}],"nm":"G","np":3,"cix":2,"bm":0,"ix":7,"mn":"ADBE Vector Group","hd":false}],"ip":0,"op":80,"st":0,"bm":0},{"ddd":0,"ind":3,"ty":4,"nm":"Index_finger","sr":1,"ks":{"o":{"a":0,"k":100,"ix":11},"r":{"a":0,"k":0,"ix":10},"p":{"a":0,"k":[256,256,0],"ix":2},"a":{"a":0,"k":[0,0,0],"ix":1},"s":{"a":0,"k":[100,100,100],"ix":6}},"ao":0,"shapes":[{"ty":"gr","it":[{"ind":0,"ty":"sh","ix":1,"ks":{"a":1,"k":[{"i":{"x":0.833,"y":0.833},"o":{"x":0.167,"y":0.167},"t":0,"s":[{"i":[[9.888,1.745],[0,0],[1.5,-10.5],[-3.25,-6.75],[-10.75,-1],[-2.25,4],[0.25,0.25]],"o":[[-8.5,-1.5],[0,0],[-1.5,10.5],[3.25,6.75],[10.75,1],[2.25,-4],[-0.25,-0.25]],"v":[[30,-130.75],[17,-130.25],[6.75,-118],[8,-67.75],[22.25,-57.75],[38.75,-68],[40.5,-116.25]],"c":true}]},{"i":{"x":0.833,"y":0.833},"o":{"x":0.167,"y":0.167},"t":6,"s":[{"i":[[9.888,1.745],[0,0],[1.5,-10.5],[-3.25,-6.75],[-10.75,-1],[-2.25,4],[0.25,0.25]],"o":[[-8.5,-1.5],[0,0],[-1.5,10.5],[3.25,6.75],[10.75,1],[2.25,-4],[-0.25,-0.25]],"v":[[30,-133.122],[17,-132.622],[6.75,-120.372],[8.279,-69.564],[22.529,-59.564],[39.029,-69.814],[40.5,-118.622]],"c":true}]},{"i":{"x":0.833,"y":0.833},"o":{"x":0.167,"y":0.167},"t":11,"s":[{"i":[[9.888,1.745],[0,0],[1.5,-10.5],[-3.25,-6.75],[-10.75,-1],[-2.25,4],[0.25,0.25]],"o":[[-8.5,-1.5],[0,0],[-1.5,10.5],[3.25,6.75],[10.75,1],[2.25,-4],[-0.25,-0.25]],"v":[[30,-129.599],[17,-129.099],[6.75,-116.849],[8.512,-65.576],[22.762,-55.576],[39.262,-65.826],[40.5,-115.099]],"c":true}]},{"i":{"x":0.833,"y":0.833},"o":{"x":0.167,"y":0.167},"t":22,"s":[{"i":[[9.5,3.948],[0,0],[1.5,-10.5],[-3.25,-6.75],[-10.75,-1],[-1.278,4.408],[0.25,0.25]],"o":[[-7.971,-3.312],[0,0],[-1.5,10.5],[3.25,6.75],[10.75,1],[3.727,-12.849],[-0.25,-0.25]],"v":[[30,-72.948],[15.5,-73.948],[5.25,-61.698],[30.523,35.599],[44.773,45.599],[61.273,35.349],[45.5,-45.948]],"c":true}]},{"i":{"x":0.833,"y":0.833},"o":{"x":0.167,"y":0.167},"t":30,"s":[{"i":[[9.5,3.948],[0,0],[1.5,-10.5],[-3.25,-6.75],[-10.75,-1],[-1.278,4.408],[0.25,0.25]],"o":[[-7.971,-3.312],[0,0],[-1.5,10.5],[3.25,6.75],[10.75,1],[3.727,-12.849],[-0.25,-0.25]],"v":[[30,-72.948],[15.5,-73.948],[5.25,-61.698],[30.523,35.599],[44.773,45.599],[61.273,35.349],[45.5,-45.948]],"c":true}]},{"t":43,"s":[{"i":[[9.888,1.745],[0,0],[1.5,-10.5],[-3.25,-6.75],[-10.75,-1],[-2.25,4],[0.25,0.25]],"o":[[-8.5,-1.5],[0,0],[-1.5,10.5],[3.25,6.75],[10.75,1],[2.25,-4],[-0.25,-0.25]],"v":[[30,-130.75],[17,-130.25],[6.75,-118],[8,-67.75],[22.25,-57.75],[38.75,-68],[40.5,-116.25]],"c":true}]}],"ix":2},"nm":"Path 1","mn":"ADBE Vector Shape - Group","hd":false},{"ty":"st","c":{"a":0,"k":[1,1,1,1],"ix":3},"o":{"a":0,"k":100,"ix":4},"w":{"a":0,"k":2,"ix":5},"lc":1,"lj":1,"ml":4,"bm":0,"nm":"Stroke 1","mn":"ADBE Vector Graphic - Stroke","hd":false},{"ty":"tr","p":{"a":0,"k":[0,0],"ix":2},"a":{"a":0,"k":[0,0],"ix":1},"s":{"a":0,"k":[100,100],"ix":3},"r":{"a":0,"k":0,"ix":6},"o":{"a":0,"k":100,"ix":7},"sk":{"a":0,"k":0,"ix":4},"sa":{"a":0,"k":0,"ix":5},"nm":"Transform"}],"nm":"Shape 3","np":3,"cix":2,"bm":0,"ix":1,"mn":"ADBE Vector Group","hd":false},{"ty":"gr","it":[{"ind":0,"ty":"sh","ix":1,"ks":{"a":1,"k":[{"i":{"x":0.833,"y":0.833},"o":{"x":0.167,"y":0.167},"t":0,"s":[{"i":[[9.888,1.745],[0,0],[-3.25,-11.25],[1.637,-12.477],[-1.239,-0.169],[-2.25,4],[0.25,0.25]],"o":[[-8.5,-1.5],[0,0],[3.492,12.089],[-0.826,6.293],[5.5,0.75],[2.25,-4],[-0.25,-0.25]],"v":[[30,-130.75],[17,-130.25],[29,-118.25],[29.75,-75.25],[26.75,-58.5],[38.75,-68],[40.5,-116.25]],"c":true}]},{"i":{"x":0.833,"y":0.833},"o":{"x":0.167,"y":0.167},"t":6,"s":[{"i":[[9.888,1.745],[0,0],[-3.25,-11.25],[1.637,-12.477],[-1.239,-0.169],[-2.25,4],[0.25,0.25]],"o":[[-8.5,-1.5],[0,0],[3.492,12.089],[-0.826,6.293],[5.5,0.75],[2.25,-4],[-0.25,-0.25]],"v":[[29.75,-133],[16.75,-132.5],[28.75,-120.5],[29.5,-77.5],[26.5,-60.75],[38.5,-70.25],[40.25,-118.5]],"c":true}]},{"i":{"x":0.833,"y":0.833},"o":{"x":0.167,"y":0.167},"t":11,"s":[{"i":[[9.888,1.745],[0,0],[-3.25,-11.25],[1.637,-12.477],[-1.239,-0.169],[-2.25,4],[0.25,0.25]],"o":[[-8.5,-1.5],[0,0],[3.492,12.089],[-0.826,6.293],[5.5,0.75],[2.25,-4],[-0.25,-0.25]],"v":[[30,-128.75],[17,-128.25],[29,-116.25],[29.75,-73.25],[26.75,-56.5],[38.75,-66],[40.5,-114.25]],"c":true}]},{"i":{"x":0.833,"y":0.833},"o":{"x":0.167,"y":0.167},"t":22,"s":[{"i":[[9.888,1.745],[0,0],[-3.25,-11.25],[-0.75,-13.25],[-1.235,-0.19],[-0.744,4.529],[0.25,0.25]],"o":[[-8.5,-1.5],[0,0],[3.492,12.089],[0.359,6.336],[3.25,0.5],[2.75,-16.75],[-0.25,-0.25]],"v":[[28,-73.75],[13,-73.25],[29.5,-59.75],[52.75,28],[52.25,44],[61.75,35.25],[43.75,-52.25]],"c":true}]},{"i":{"x":0.833,"y":0.833},"o":{"x":0.167,"y":0.167},"t":30,"s":[{"i":[[9.888,1.745],[0,0],[-3.25,-11.25],[-0.75,-13.25],[-1.235,-0.19],[-0.744,4.529],[0.25,0.25]],"o":[[-8.5,-1.5],[0,0],[3.492,12.089],[0.359,6.336],[3.25,0.5],[2.75,-16.75],[-0.25,-0.25]],"v":[[28,-73.75],[13,-73.25],[29.5,-59.75],[52.75,28],[52.25,44],[61.75,35.25],[43.75,-52.25]],"c":true}]},{"t":43,"s":[{"i":[[9.888,1.745],[0,0],[-3.25,-11.25],[1.637,-12.477],[-1.239,-0.169],[-2.25,4],[0.25,0.25]],"o":[[-8.5,-1.5],[0,0],[3.492,12.089],[-0.826,6.293],[5.5,0.75],[2.25,-4],[-0.25,-0.25]],"v":[[30,-130.75],[17,-130.25],[29,-118.25],[29.75,-75.25],[26.75,-58.5],[38.75,-68],[40.5,-116.25]],"c":true}]}],"ix":2},"nm":"Path 1","mn":"ADBE Vector Shape - Group","hd":false},{"ty":"fl","c":{"a":0,"k":[0.10980392156862745,0.6,0.4666666666666667,1],"ix":4},"o":{"a":0,"k":100,"ix":5},"r":1,"bm":0,"nm":"Fill 1","mn":"ADBE Vector Graphic - Fill","hd":false},{"ty":"tr","p":{"a":0,"k":[0,0],"ix":2},"a":{"a":0,"k":[0,0],"ix":1},"s":{"a":0,"k":[100,100],"ix":3},"r":{"a":0,"k":0,"ix":6},"o":{"a":0,"k":100,"ix":7},"sk":{"a":0,"k":0,"ix":4},"sa":{"a":0,"k":0,"ix":5},"nm":"Transform"}],"nm":"Shape 2","np":3,"cix":2,"bm":0,"ix":2,"mn":"ADBE Vector Group","hd":false},{"ty":"gr","it":[{"ind":0,"ty":"sh","ix":1,"ks":{"a":1,"k":[{"i":{"x":0.833,"y":0.833},"o":{"x":0.167,"y":0.167},"t":0,"s":[{"i":[[9.888,1.745],[0,0],[1.5,-10.5],[-3.25,-6.75],[-10.75,-1],[-2.25,4],[0.25,0.25]],"o":[[-8.5,-1.5],[0,0],[-1.5,10.5],[3.25,6.75],[10.75,1],[2.25,-4],[-0.25,-0.25]],"v":[[30,-130.75],[17,-130.25],[6.75,-118],[8,-67.75],[22.25,-57.75],[38.75,-68],[40.5,-116.25]],"c":true}]},{"i":{"x":0.833,"y":0.833},"o":{"x":0.167,"y":0.167},"t":6,"s":[{"i":[[9.888,1.745],[0,0],[1.5,-10.5],[-3.25,-6.75],[-10.75,-1],[-2.25,4],[0.25,0.25]],"o":[[-8.5,-1.5],[0,0],[-1.5,10.5],[3.25,6.75],[10.75,1],[2.25,-4],[-0.25,-0.25]],"v":[[30,-133.122],[17,-132.622],[6.75,-120.372],[8.279,-69.564],[22.529,-59.564],[39.029,-69.814],[40.5,-118.622]],"c":true}]},{"i":{"x":0.833,"y":0.833},"o":{"x":0.167,"y":0.167},"t":11,"s":[{"i":[[9.888,1.745],[0,0],[1.5,-10.5],[-3.25,-6.75],[-10.75,-1],[-2.25,4],[0.25,0.25]],"o":[[-8.5,-1.5],[0,0],[-1.5,10.5],[3.25,6.75],[10.75,1],[2.25,-4],[-0.25,-0.25]],"v":[[30,-129.599],[17,-129.099],[6.75,-116.849],[8.512,-65.576],[22.762,-55.576],[39.262,-65.826],[40.5,-115.099]],"c":true}]},{"i":{"x":0.833,"y":0.833},"o":{"x":0.167,"y":0.167},"t":22,"s":[{"i":[[9.5,3.948],[0,0],[1.5,-10.5],[-3.25,-6.75],[-10.75,-1],[-1.278,4.408],[0.25,0.25]],"o":[[-7.971,-3.312],[0,0],[-1.5,10.5],[3.25,6.75],[10.75,1],[3.727,-12.849],[-0.25,-0.25]],"v":[[30,-72.948],[15.5,-73.948],[5.25,-61.698],[30.523,35.599],[44.773,45.599],[61.273,35.349],[45.5,-45.948]],"c":true}]},{"i":{"x":0.833,"y":0.833},"o":{"x":0.167,"y":0.167},"t":30,"s":[{"i":[[9.5,3.948],[0,0],[1.5,-10.5],[-3.25,-6.75],[-10.75,-1],[-1.278,4.408],[0.25,0.25]],"o":[[-7.971,-3.312],[0,0],[-1.5,10.5],[3.25,6.75],[10.75,1],[3.727,-12.849],[-0.25,-0.25]],"v":[[30,-72.948],[15.5,-73.948],[5.25,-61.698],[30.523,35.599],[44.773,45.599],[61.273,35.349],[45.5,-45.948]],"c":true}]},{"t":43,"s":[{"i":[[9.888,1.745],[0,0],[1.5,-10.5],[-3.25,-6.75],[-10.75,-1],[-2.25,4],[0.25,0.25]],"o":[[-8.5,-1.5],[0,0],[-1.5,10.5],[3.25,6.75],[10.75,1],[2.25,-4],[-0.25,-0.25]],"v":[[30,-130.75],[17,-130.25],[6.75,-118],[8,-67.75],[22.25,-57.75],[38.75,-68],[40.5,-116.25]],"c":true}]}],"ix":2},"nm":"Path 1","mn":"ADBE Vector Shape - Group","hd":false},{"ty":"fl","c":{"a":0,"k":[0.1450980392156863,0.7803921568627451,0.6078431372549019,1],"ix":4},"o":{"a":0,"k":100,"ix":5},"r":1,"bm":0,"nm":"Fill 1","mn":"ADBE Vector Graphic - Fill","hd":false},{"ty":"tr","p":{"a":0,"k":[0,0],"ix":2},"a":{"a":0,"k":[0,0],"ix":1},"s":{"a":0,"k":[100,100],"ix":3},"r":{"a":0,"k":0,"ix":6},"o":{"a":0,"k":100,"ix":7},"sk":{"a":0,"k":0,"ix":4},"sa":{"a":0,"k":0,"ix":5},"nm":"Transform"}],"nm":"Shape 1","np":3,"cix":2,"bm":0,"ix":3,"mn":"ADBE Vector Group","hd":false}],"ip":0,"op":80,"st":0,"bm":0},{"ddd":0,"ind":4,"ty":4,"nm":"Middle_finger","sr":1,"ks":{"o":{"a":0,"k":100,"ix":11},"r":{"a":0,"k":0,"ix":10},"p":{"a":0,"k":[256,256,0],"ix":2},"a":{"a":0,"k":[0,0,0],"ix":1},"s":{"a":0,"k":[100,100,100],"ix":6}},"ao":0,"shapes":[{"ty":"gr","it":[{"ind":0,"ty":"sh","ix":1,"ks":{"a":1,"k":[{"i":{"x":0.833,"y":0.833},"o":{"x":0.167,"y":0.167},"t":0,"s":[{"i":[[9.375,-1.616],[0,0],[-1.75,-10.75],[-1.25,-4.25],[-8.75,-0.5],[1,13],[3,5]],"o":[[-7.25,1.25],[0,0],[1.75,10.75],[1.25,4.25],[8.75,0.5],[-1,-13],[-3,-5]],"v":[[-24.5,-140.75],[-36,-130.75],[-35.5,-117.5],[-28,-74.5],[-15,-61],[5.5,-75.25],[-5.25,-132.25]],"c":true}]},{"i":{"x":0.833,"y":0.833},"o":{"x":0.167,"y":0.167},"t":11,"s":[{"i":[[9.375,-1.616],[0,0],[-1.75,-10.75],[-1.25,-4.25],[-8.75,-0.5],[1,13],[3,5]],"o":[[-7.25,1.25],[0,0],[1.75,10.75],[1.25,4.25],[8.75,0.5],[-1,-13],[-3,-5]],"v":[[-23.25,-115.75],[-34.75,-105.75],[-34.25,-92.5],[-20.5,-34.5],[-7.5,-21],[13,-35.25],[-4,-107.25]],"c":true}]},{"i":{"x":0.833,"y":0.833},"o":{"x":0.167,"y":0.167},"t":22,"s":[{"i":[[11.347,-1.939],[0,0],[-1.576,-9.505],[-1.513,-5.149],[-10.587,-0.606],[4.501,20.379],[3.63,6.058]],"o":[[-14.136,2.416],[0,0],[2.159,13.018],[1.512,5.149],[10.587,0.606],[-3.407,-15.426],[-3.63,-6.058]],"v":[[-19.572,-73.033],[-33.863,-59.542],[-32.383,-43.737],[-11.62,23.537],[5.985,48.019],[25.79,24.003],[1.47,-60.859]],"c":true}]},{"i":{"x":0.833,"y":0.833},"o":{"x":0.167,"y":0.167},"t":28,"s":[{"i":[[11.347,-1.939],[0,0],[-1.576,-9.505],[-1.513,-5.149],[-10.587,-0.606],[4.501,20.379],[3.63,6.058]],"o":[[-14.136,2.416],[0,0],[2.159,13.018],[1.512,5.149],[10.587,0.606],[-3.407,-15.426],[-3.63,-6.058]],"v":[[-19.572,-73.033],[-33.863,-59.542],[-32.383,-43.737],[-11.62,23.537],[5.985,48.019],[25.79,24.003],[1.47,-60.859]],"c":true}]},{"t":43,"s":[{"i":[[9.375,-1.616],[0,0],[-1.75,-10.75],[-1.25,-4.25],[-8.75,-0.5],[1,13],[3,5]],"o":[[-7.25,1.25],[0,0],[1.75,10.75],[1.25,4.25],[8.75,0.5],[-1,-13],[-3,-5]],"v":[[-24.5,-140.75],[-36,-130.75],[-35.5,-117.5],[-28,-74.5],[-15,-61],[5.5,-75.25],[-5.25,-132.25]],"c":true}]}],"ix":2},"nm":"Path 1","mn":"ADBE Vector Shape - Group","hd":false},{"ty":"st","c":{"a":0,"k":[1,1,1,1],"ix":3},"o":{"a":0,"k":100,"ix":4},"w":{"a":0,"k":2,"ix":5},"lc":1,"lj":1,"ml":4,"bm":0,"nm":"Stroke 1","mn":"ADBE Vector Graphic - Stroke","hd":false},{"ty":"tr","p":{"a":0,"k":[-0.916,-1.008],"ix":2},"a":{"a":0,"k":[0,0],"ix":1},"s":{"a":0,"k":[100,100],"ix":3},"r":{"a":0,"k":0,"ix":6},"o":{"a":0,"k":100,"ix":7},"sk":{"a":0,"k":0,"ix":4},"sa":{"a":0,"k":0,"ix":5},"nm":"Transform"}],"nm":"Shape 3","np":3,"cix":2,"bm":0,"ix":1,"mn":"ADBE Vector Group","hd":false},{"ty":"gr","it":[{"ind":0,"ty":"sh","ix":1,"ks":{"a":1,"k":[{"i":{"x":0.833,"y":0.833},"o":{"x":0.167,"y":0.167},"t":0,"s":[{"i":[[6.983,-0.66],[-3.834,-11.242],[-1.839,-8.422],[-0.584,-7.242],[-3.51,0.965],[0.266,4.988],[8.051,17.579]],"o":[[-9.334,0.883],[3.796,11.131],[2.338,10.709],[1.03,12.774],[4.816,-1.324],[-1.031,-19.307],[-2.921,-6.377]],"v":[[-24.5,-140.75],[-14.25,-125.75],[-8.75,-101.375],[-4,-74.5],[-1.875,-62.75],[5.5,-75.25],[-5.25,-132.25]],"c":true}]},{"i":{"x":0.833,"y":0.833},"o":{"x":0.167,"y":0.167},"t":11,"s":[{"i":[[-2.412,-1.507],[-2.855,-11.53],[-1.839,-8.422],[-0.584,-7.242],[-3.612,0.453],[0.266,4.988],[6.572,18.184]],"o":[[6.416,4.008],[2.416,9.758],[2.338,10.709],[1.03,12.774],[6.416,-0.805],[-1.031,-19.307],[-4.334,-11.992]],"v":[[-23,-114.75],[-6.25,-84.5],[-0.75,-60.125],[4,-33.25],[2.375,-21.25],[13.5,-34],[-3.75,-106.25]],"c":true}]},{"i":{"x":0.833,"y":0.833},"o":{"x":0.167,"y":0.167},"t":22,"s":[{"i":[[-2.412,-1.507],[-2.855,-11.53],[-1.839,-8.422],[-0.584,-7.242],[-3.612,0.453],[0.266,4.988],[6.572,18.184]],"o":[[6.416,4.008],[2.416,9.758],[2.338,10.709],[1.03,12.774],[6.416,-0.805],[-1.031,-19.307],[-4.334,-11.992]],"v":[[-22,-72.5],[-2.75,-41.75],[5,-15.125],[16,34],[14.375,46],[25.5,33.25],[-0.25,-63.5]],"c":true}]},{"i":{"x":0.833,"y":0.833},"o":{"x":0.167,"y":0.167},"t":28,"s":[{"i":[[-2.412,-1.507],[-2.855,-11.53],[-1.839,-8.422],[-0.584,-7.242],[-3.612,0.453],[0.266,4.988],[6.572,18.184]],"o":[[6.416,4.008],[2.416,9.758],[2.338,10.709],[1.03,12.774],[6.416,-0.805],[-1.031,-19.307],[-4.334,-11.992]],"v":[[-22,-72.5],[-2.75,-41.75],[5,-15.125],[16,34],[14.375,46],[25.5,33.25],[-0.25,-63.5]],"c":true}]},{"t":43,"s":[{"i":[[6.983,-0.66],[-3.834,-11.242],[-1.839,-8.422],[-0.584,-7.242],[-3.51,0.965],[0.266,4.988],[8.051,17.579]],"o":[[-9.334,0.883],[3.796,11.131],[2.338,10.709],[1.03,12.774],[4.816,-1.324],[-1.031,-19.307],[-2.921,-6.377]],"v":[[-24.5,-140.75],[-14.25,-125.75],[-8.75,-101.375],[-4,-74.5],[-1.875,-62.75],[5.5,-75.25],[-5.25,-132.25]],"c":true}]}],"ix":2},"nm":"Path 1","mn":"ADBE Vector Shape - Group","hd":false},{"ty":"fl","c":{"a":0,"k":[0.10980392156862745,0.6,0.4666666666666667,1],"ix":4},"o":{"a":0,"k":100,"ix":5},"r":1,"bm":0,"nm":"Fill 1","mn":"ADBE Vector Graphic - Fill","hd":false},{"ty":"tr","p":{"a":0,"k":[-0.916,-1.008],"ix":2},"a":{"a":0,"k":[0,0],"ix":1},"s":{"a":0,"k":[100,100],"ix":3},"r":{"a":0,"k":0,"ix":6},"o":{"a":0,"k":100,"ix":7},"sk":{"a":0,"k":0,"ix":4},"sa":{"a":0,"k":0,"ix":5},"nm":"Transform"}],"nm":"Shape 2","np":3,"cix":2,"bm":0,"ix":2,"mn":"ADBE Vector Group","hd":false},{"ty":"gr","it":[{"ind":0,"ty":"sh","ix":1,"ks":{"a":1,"k":[{"i":{"x":0.833,"y":0.833},"o":{"x":0.167,"y":0.167},"t":0,"s":[{"i":[[9.375,-1.616],[0,0],[-1.75,-10.75],[-1.25,-4.25],[-8.75,-0.5],[1,13],[3,5]],"o":[[-7.25,1.25],[0,0],[1.75,10.75],[1.25,4.25],[8.75,0.5],[-1,-13],[-3,-5]],"v":[[-24.5,-140.75],[-36,-130.75],[-35.5,-117.5],[-28,-74.5],[-15,-61],[5.5,-75.25],[-5.25,-132.25]],"c":true}]},{"i":{"x":0.833,"y":0.833},"o":{"x":0.167,"y":0.167},"t":11,"s":[{"i":[[9.375,-1.616],[0,0],[-1.75,-10.75],[-1.25,-4.25],[-8.75,-0.5],[1,13],[3,5]],"o":[[-7.25,1.25],[0,0],[1.75,10.75],[1.25,4.25],[8.75,0.5],[-1,-13],[-3,-5]],"v":[[-23.25,-115.75],[-34.75,-105.75],[-34.25,-92.5],[-20.5,-34.5],[-7.5,-21],[13,-35.25],[-4,-107.25]],"c":true}]},{"i":{"x":0.833,"y":0.833},"o":{"x":0.167,"y":0.167},"t":22,"s":[{"i":[[11.347,-1.939],[0,0],[-1.576,-9.505],[-1.513,-5.149],[-10.587,-0.606],[4.501,20.379],[3.63,6.058]],"o":[[-14.136,2.416],[0,0],[2.159,13.018],[1.512,5.149],[10.587,0.606],[-3.407,-15.426],[-3.63,-6.058]],"v":[[-19.572,-73.033],[-33.863,-59.542],[-32.383,-43.737],[-11.62,23.537],[5.985,48.019],[25.79,24.003],[1.47,-60.859]],"c":true}]},{"i":{"x":0.833,"y":0.833},"o":{"x":0.167,"y":0.167},"t":28,"s":[{"i":[[11.347,-1.939],[0,0],[-1.576,-9.505],[-1.513,-5.149],[-10.587,-0.606],[4.501,20.379],[3.63,6.058]],"o":[[-14.136,2.416],[0,0],[2.159,13.018],[1.512,5.149],[10.587,0.606],[-3.407,-15.426],[-3.63,-6.058]],"v":[[-19.572,-73.033],[-33.863,-59.542],[-32.383,-43.737],[-11.62,23.537],[5.985,48.019],[25.79,24.003],[1.47,-60.859]],"c":true}]},{"t":43,"s":[{"i":[[9.375,-1.616],[0,0],[-1.75,-10.75],[-1.25,-4.25],[-8.75,-0.5],[1,13],[3,5]],"o":[[-7.25,1.25],[0,0],[1.75,10.75],[1.25,4.25],[8.75,0.5],[-1,-13],[-3,-5]],"v":[[-24.5,-140.75],[-36,-130.75],[-35.5,-117.5],[-28,-74.5],[-15,-61],[5.5,-75.25],[-5.25,-132.25]],"c":true}]}],"ix":2},"nm":"Path 1","mn":"ADBE Vector Shape - Group","hd":false},{"ty":"fl","c":{"a":0,"k":[0.1450980392156863,0.7803921568627451,0.6078431372549019,1],"ix":4},"o":{"a":0,"k":100,"ix":5},"r":1,"bm":0,"nm":"Fill 1","mn":"ADBE Vector Graphic - Fill","hd":false},{"ty":"tr","p":{"a":0,"k":[-0.916,-1.008],"ix":2},"a":{"a":0,"k":[0,0],"ix":1},"s":{"a":0,"k":[100,100],"ix":3},"r":{"a":0,"k":0,"ix":6},"o":{"a":0,"k":100,"ix":7},"sk":{"a":0,"k":0,"ix":4},"sa":{"a":0,"k":0,"ix":5},"nm":"Transform"}],"nm":"Shape 1","np":3,"cix":2,"bm":0,"ix":3,"mn":"ADBE Vector Group","hd":false}],"ip":0,"op":80,"st":0,"bm":0},{"ddd":0,"ind":5,"ty":4,"nm":"Ring_finger","sr":1,"ks":{"o":{"a":0,"k":100,"ix":11},"r":{"a":0,"k":0,"ix":10},"p":{"a":0,"k":[256,256,0],"ix":2},"a":{"a":0,"k":[0,0,0],"ix":1},"s":{"a":0,"k":[100,100,100],"ix":6}},"ao":0,"shapes":[{"ty":"gr","it":[{"ind":0,"ty":"sh","ix":1,"ks":{"a":1,"k":[{"i":{"x":0.833,"y":0.833},"o":{"x":0.167,"y":0.167},"t":0,"s":[{"i":[[10,1],[0.392,-5.492],[-3.5,-9.25],[-7.75,-2.75],[4.636,19.412],[1,3.5]],"o":[[-10,-1],[-0.5,7],[6.128,16.195],[7.75,2.75],[-4,-16.75],[-1,-3.5]],"v":[[-55.5,-105],[-75.5,-93],[-71.5,-73.5],[-50,-28.5],[-26.75,-48],[-39.75,-87]],"c":true}]},{"i":{"x":0.833,"y":0.833},"o":{"x":0.167,"y":0.167},"t":11,"s":[{"i":[[11.181,1.09],[0.439,-5.987],[-3.913,-10.085],[-12.321,-5.496],[6.183,21.764],[1.118,3.816]],"o":[[-11.181,-1.09],[-0.559,7.632],[6.851,17.656],[9.694,4.324],[-5.138,-18.086],[-1.118,-3.816]],"v":[[-51.579,-63.91],[-73.941,-50.826],[-69.469,-29.566],[-34.429,44.746],[-12.683,21.736],[-33.969,-44.285]],"c":true}]},{"i":{"x":0.833,"y":0.833},"o":{"x":0.167,"y":0.167},"t":25,"s":[{"i":[[11.181,1.09],[0.439,-5.987],[-3.913,-10.085],[-12.321,-5.496],[6.183,21.764],[1.118,3.816]],"o":[[-11.181,-1.09],[-0.559,7.632],[6.851,17.656],[9.694,4.324],[-5.138,-18.086],[-1.118,-3.816]],"v":[[-51.579,-63.91],[-73.941,-50.826],[-69.469,-29.566],[-34.429,44.746],[-12.683,21.736],[-33.969,-44.285]],"c":true}]},{"t":36,"s":[{"i":[[10,1],[0.392,-5.492],[-3.5,-9.25],[-7.75,-2.75],[4.636,19.412],[1,3.5]],"o":[[-10,-1],[-0.5,7],[6.128,16.195],[7.75,2.75],[-4,-16.75],[-1,-3.5]],"v":[[-55.5,-105],[-75.5,-93],[-71.5,-73.5],[-50,-28.5],[-26.75,-48],[-39.75,-87]],"c":true}]}],"ix":2},"nm":"Path 1","mn":"ADBE Vector Shape - Group","hd":false},{"ty":"st","c":{"a":0,"k":[1,1,1,1],"ix":3},"o":{"a":0,"k":100,"ix":4},"w":{"a":0,"k":2,"ix":5},"lc":1,"lj":1,"ml":4,"bm":0,"nm":"Stroke 1","mn":"ADBE Vector Graphic - Stroke","hd":false},{"ty":"tr","p":{"a":0,"k":[0,0],"ix":2},"a":{"a":0,"k":[0,0],"ix":1},"s":{"a":0,"k":[100,100],"ix":3},"r":{"a":0,"k":0,"ix":6},"o":{"a":0,"k":100,"ix":7},"sk":{"a":0,"k":0,"ix":4},"sa":{"a":0,"k":0,"ix":5},"nm":"Transform"}],"nm":"Shape 3","np":3,"cix":2,"bm":0,"ix":1,"mn":"ADBE Vector Group","hd":false},{"ty":"gr","it":[{"ind":0,"ty":"sh","ix":1,"ks":{"a":1,"k":[{"i":{"x":0.833,"y":0.833},"o":{"x":0.167,"y":0.167},"t":0,"s":[{"i":[[10.047,0.251],[-3.5,-2.25],[-3.5,-9.25],[5.75,-8.625],[4,14.875],[1,3.5]],"o":[[-5,-0.125],[10.073,6.476],[6.128,16.195],[-1.746,2.619],[-4.472,-16.63],[-1,-3.5]],"v":[[-55.5,-105],[-63.375,-102.125],[-47,-75.5],[-39.25,-28.625],[-26.75,-48],[-39.75,-87]],"c":true}]},{"i":{"x":0.833,"y":0.833},"o":{"x":0.167,"y":0.167},"t":11,"s":[{"i":[[10.047,0.251],[-3.811,-1.67],[-4.52,-8.796],[5.75,-8.625],[1.619,9.628],[1,3.5]],"o":[[-5,-0.125],[11.125,4.875],[9.25,18],[-1.746,2.619],[-4.75,-28.25],[-1,-3.5]],"v":[[-52.5,-63.75],[-60.375,-60.875],[-43.25,-40.25],[-22.75,43.625],[-11.5,30.25],[-36,-51.75]],"c":true}]},{"i":{"x":0.833,"y":0.833},"o":{"x":0.167,"y":0.167},"t":25,"s":[{"i":[[10.047,0.251],[-3.811,-1.67],[-4.52,-8.796],[5.75,-8.625],[1.619,9.628],[1,3.5]],"o":[[-5,-0.125],[11.125,4.875],[9.25,18],[-1.746,2.619],[-4.75,-28.25],[-1,-3.5]],"v":[[-52.5,-63.75],[-60.375,-60.875],[-43.25,-40.25],[-22.75,43.625],[-11.5,30.25],[-36,-51.75]],"c":true}]},{"t":36,"s":[{"i":[[10.047,0.251],[-3.5,-2.25],[-3.5,-9.25],[5.75,-8.625],[4,14.875],[1,3.5]],"o":[[-5,-0.125],[10.073,6.476],[6.128,16.195],[-1.746,2.619],[-4.472,-16.63],[-1,-3.5]],"v":[[-55.5,-105],[-63.375,-102.125],[-47,-75.5],[-39.25,-28.625],[-26.75,-48],[-39.75,-87]],"c":true}]}],"ix":2},"nm":"Path 1","mn":"ADBE Vector Shape - Group","hd":false},{"ty":"fl","c":{"a":0,"k":[0.10980392156862745,0.6,0.4666666666666667,1],"ix":4},"o":{"a":0,"k":100,"ix":5},"r":1,"bm":0,"nm":"Fill 1","mn":"ADBE Vector Graphic - Fill","hd":false},{"ty":"tr","p":{"a":0,"k":[0,0],"ix":2},"a":{"a":0,"k":[0,0],"ix":1},"s":{"a":0,"k":[100,100],"ix":3},"r":{"a":0,"k":0,"ix":6},"o":{"a":0,"k":100,"ix":7},"sk":{"a":0,"k":0,"ix":4},"sa":{"a":0,"k":0,"ix":5},"nm":"Transform"}],"nm":"Shape 2","np":3,"cix":2,"bm":0,"ix":2,"mn":"ADBE Vector Group","hd":false},{"ty":"gr","it":[{"ind":0,"ty":"sh","ix":1,"ks":{"a":1,"k":[{"i":{"x":0.833,"y":0.833},"o":{"x":0.167,"y":0.167},"t":0,"s":[{"i":[[10,1],[0.392,-5.492],[-3.5,-9.25],[-7.75,-2.75],[4.636,19.412],[1,3.5]],"o":[[-10,-1],[-0.5,7],[6.128,16.195],[7.75,2.75],[-4,-16.75],[-1,-3.5]],"v":[[-55.5,-105],[-75.5,-93],[-71.5,-73.5],[-50,-28.5],[-26.75,-48],[-39.75,-87]],"c":true}]},{"i":{"x":0.833,"y":0.833},"o":{"x":0.167,"y":0.167},"t":11,"s":[{"i":[[11.181,1.09],[0.439,-5.987],[-3.913,-10.085],[-12.321,-5.496],[6.183,21.764],[1.118,3.816]],"o":[[-11.181,-1.09],[-0.559,7.632],[6.851,17.656],[9.694,4.324],[-5.138,-18.086],[-1.118,-3.816]],"v":[[-51.579,-63.91],[-73.941,-50.826],[-69.469,-29.566],[-34.429,44.746],[-12.683,21.736],[-33.969,-44.285]],"c":true}]},{"i":{"x":0.833,"y":0.833},"o":{"x":0.167,"y":0.167},"t":25,"s":[{"i":[[11.181,1.09],[0.439,-5.987],[-3.913,-10.085],[-12.321,-5.496],[6.183,21.764],[1.118,3.816]],"o":[[-11.181,-1.09],[-0.559,7.632],[6.851,17.656],[9.694,4.324],[-5.138,-18.086],[-1.118,-3.816]],"v":[[-51.579,-63.91],[-73.941,-50.826],[-69.469,-29.566],[-34.429,44.746],[-12.683,21.736],[-33.969,-44.285]],"c":true}]},{"t":36,"s":[{"i":[[10,1],[0.392,-5.492],[-3.5,-9.25],[-7.75,-2.75],[4.636,19.412],[1,3.5]],"o":[[-10,-1],[-0.5,7],[6.128,16.195],[7.75,2.75],[-4,-16.75],[-1,-3.5]],"v":[[-55.5,-105],[-75.5,-93],[-71.5,-73.5],[-50,-28.5],[-26.75,-48],[-39.75,-87]],"c":true}]}],"ix":2},"nm":"Path 1","mn":"ADBE Vector Shape - Group","hd":false},{"ty":"fl","c":{"a":0,"k":[0.1450980392156863,0.7803921568627451,0.6078431372549019,1],"ix":4},"o":{"a":0,"k":100,"ix":5},"r":1,"bm":0,"nm":"Fill 1","mn":"ADBE Vector Graphic - Fill","hd":false},{"ty":"tr","p":{"a":0,"k":[0,0],"ix":2},"a":{"a":0,"k":[0,0],"ix":1},"s":{"a":0,"k":[100,100],"ix":3},"r":{"a":0,"k":0,"ix":6},"o":{"a":0,"k":100,"ix":7},"sk":{"a":0,"k":0,"ix":4},"sa":{"a":0,"k":0,"ix":5},"nm":"Transform"}],"nm":"Shape 1","np":3,"cix":2,"bm":0,"ix":3,"mn":"ADBE Vector Group","hd":false}],"ip":0,"op":80,"st":0,"bm":0},{"ddd":0,"ind":6,"ty":4,"nm":"little_finger","sr":1,"ks":{"o":{"a":0,"k":100,"ix":11},"r":{"a":0,"k":0,"ix":10},"p":{"a":0,"k":[256,256,0],"ix":2},"a":{"a":0,"k":[0,0,0],"ix":1},"s":{"a":0,"k":[100,100,100],"ix":6}},"ao":0,"shapes":[{"ty":"gr","it":[{"ind":0,"ty":"sh","ix":1,"ks":{"a":1,"k":[{"i":{"x":0.833,"y":0.833},"o":{"x":0.167,"y":0.167},"t":0,"s":[{"i":[[0,0],[8.75,-4.25],[1.75,-2.75],[-1.75,-7],[-5.439,-6.744],[-6.59,4.43],[-0.318,6.593],[4.5,12.75]],"o":[[0,0],[-8.75,4.25],[-1.75,2.75],[1.75,7],[4.264,5.288],[3.069,-2.063],[0,-0.5],[0.25,0.5]],"v":[[-67.375,-49.125],[-86.75,-54.75],[-98.25,-44.5],[-99.25,-25],[-83.5,9.5],[-62.097,14.598],[-56.5,2],[-66.75,-32.5]],"c":false}]},{"i":{"x":0.833,"y":0.833},"o":{"x":0.167,"y":0.167},"t":11,"s":[{"i":[[0,0],[7.796,-3.39],[1.75,-2.75],[-1.35,-7.088],[-2.25,-5],[-14.172,1.542],[1.375,10.625],[14.25,29.75]],"o":[[0,0],[-8.625,3.75],[-1.75,2.75],[3,15.75],[6.765,15.033],[4.691,-0.51],[0,-0.5],[0.25,0.5]],"v":[[-70.375,-33.875],[-85.5,-37.25],[-96.75,-27],[-97.75,-7.5],[-86.75,21.75],[-56.328,49.583],[-48.875,31.5],[-63.75,-12.75]],"c":false}]},{"i":{"x":0.833,"y":0.833},"o":{"x":0.167,"y":0.167},"t":25,"s":[{"i":[[0,0],[7.796,-3.39],[1.75,-2.75],[-1.35,-7.088],[-2.25,-5],[-14.172,1.542],[1.375,10.625],[14.25,29.75]],"o":[[0,0],[-8.625,3.75],[-1.75,2.75],[3,15.75],[6.765,15.033],[4.691,-0.51],[0,-0.5],[0.25,0.5]],"v":[[-70.375,-33.875],[-85.5,-37.25],[-96.75,-27],[-97.75,-7.5],[-86.75,21.75],[-56.328,49.583],[-48.875,31.5],[-63.75,-12.75]],"c":false}]},{"t":43,"s":[{"i":[[0,0],[8.75,-4.25],[1.75,-2.75],[-1.75,-7],[-5.439,-6.744],[-6.59,4.43],[-0.318,6.593],[4.5,12.75]],"o":[[0,0],[-8.75,4.25],[-1.75,2.75],[1.75,7],[4.264,5.288],[3.069,-2.063],[0,-0.5],[0.25,0.5]],"v":[[-67.375,-49.125],[-86.75,-54.75],[-98.25,-44.5],[-99.25,-25],[-83.5,9.5],[-62.097,14.598],[-56.5,2],[-66.75,-32.5]],"c":false}]}],"ix":2},"nm":"Path 1","mn":"ADBE Vector Shape - Group","hd":false},{"ty":"st","c":{"a":0,"k":[1,1,1,1],"ix":3},"o":{"a":0,"k":100,"ix":4},"w":{"a":0,"k":2,"ix":5},"lc":1,"lj":1,"ml":4,"bm":0,"nm":"Stroke 1","mn":"ADBE Vector Graphic - Stroke","hd":false},{"ty":"tr","p":{"a":0,"k":[0,0],"ix":2},"a":{"a":0,"k":[0,0],"ix":1},"s":{"a":0,"k":[100,100],"ix":3},"r":{"a":0,"k":0,"ix":6},"o":{"a":0,"k":100,"ix":7},"sk":{"a":0,"k":0,"ix":4},"sa":{"a":0,"k":0,"ix":5},"nm":"Transform"}],"nm":"Shape 3","np":3,"cix":2,"bm":0,"ix":1,"mn":"ADBE Vector Group","hd":false},{"ty":"gr","it":[{"ind":0,"ty":"sh","ix":1,"ks":{"a":1,"k":[{"i":{"x":0.833,"y":0.833},"o":{"x":0.167,"y":0.167},"t":0,"s":[{"i":[[0,0],[4,1.5],[1.75,-2.75],[-1.75,-7],[-5.439,-6.744],[-1.028,3.652],[0.778,4.964],[2.806,7.435]],"o":[[0,0],[-3.511,-1.317],[-1.75,2.75],[1.75,7],[4.264,5.288],[1.126,-4.002],[-1.832,-11.695],[0,0]],"v":[[-66.375,-48.625],[-75.25,-53.5],[-82.75,-46.5],[-83.75,-26.75],[-66.125,7.375],[-57.472,10.348],[-57.125,-1.625],[-65.625,-35.625]],"c":false}]},{"i":{"x":0.833,"y":0.833},"o":{"x":0.167,"y":0.167},"t":11,"s":[{"i":[[0,0],[4,1.5],[1.75,-2.75],[-1.75,-7],[-5.439,-6.744],[-1.028,3.652],[0.778,4.964],[2.806,7.435]],"o":[[0,0],[-3.511,-1.317],[-1.75,2.75],[1.75,7],[4.264,5.288],[1.126,-4.002],[-1.832,-11.695],[0,0]],"v":[[-66.375,-30.125],[-73.5,-35],[-81,-28],[-82,-8.25],[-58.875,40.875],[-50.222,43.848],[-49.875,31.875],[-65.625,-17.125]],"c":false}]},{"i":{"x":0.833,"y":0.833},"o":{"x":0.167,"y":0.167},"t":25,"s":[{"i":[[0,0],[4,1.5],[1.75,-2.75],[-1.75,-7],[-5.439,-6.744],[-1.028,3.652],[0.778,4.964],[2.806,7.435]],"o":[[0,0],[-3.511,-1.317],[-1.75,2.75],[1.75,7],[4.264,5.288],[1.126,-4.002],[-1.832,-11.695],[0,0]],"v":[[-66.375,-30.125],[-73.5,-35],[-81,-28],[-82,-8.25],[-58.875,40.875],[-50.222,43.848],[-49.875,31.875],[-65.625,-17.125]],"c":false}]},{"t":43,"s":[{"i":[[0,0],[4,1.5],[1.75,-2.75],[-1.75,-7],[-5.439,-6.744],[-1.028,3.652],[0.778,4.964],[2.806,7.435]],"o":[[0,0],[-3.511,-1.317],[-1.75,2.75],[1.75,7],[4.264,5.288],[1.126,-4.002],[-1.832,-11.695],[0,0]],"v":[[-66.375,-48.625],[-75.25,-53.5],[-82.75,-46.5],[-83.75,-26.75],[-66.125,7.375],[-57.472,10.348],[-57.125,-1.625],[-65.625,-35.625]],"c":false}]}],"ix":2},"nm":"Path 1","mn":"ADBE Vector Shape - Group","hd":false},{"ty":"fl","c":{"a":0,"k":[0.10980392156862745,0.6,0.4666666666666667,1],"ix":4},"o":{"a":0,"k":100,"ix":5},"r":1,"bm":0,"nm":"Fill 1","mn":"ADBE Vector Graphic - Fill","hd":false},{"ty":"tr","p":{"a":0,"k":[0,0],"ix":2},"a":{"a":0,"k":[0,0],"ix":1},"s":{"a":0,"k":[100,100],"ix":3},"r":{"a":0,"k":0,"ix":6},"o":{"a":0,"k":100,"ix":7},"sk":{"a":0,"k":0,"ix":4},"sa":{"a":0,"k":0,"ix":5},"nm":"Transform"}],"nm":"Shape 2","np":3,"cix":2,"bm":0,"ix":2,"mn":"ADBE Vector Group","hd":false},{"ty":"gr","it":[{"ind":0,"ty":"sh","ix":1,"ks":{"a":1,"k":[{"i":{"x":0.833,"y":0.833},"o":{"x":0.167,"y":0.167},"t":0,"s":[{"i":[[0,0],[8.75,-4.25],[1.75,-2.75],[-1.75,-7],[-5.439,-6.744],[-6.59,4.43],[-0.318,6.593],[4.5,12.75]],"o":[[0,0],[-8.75,4.25],[-1.75,2.75],[1.75,7],[4.264,5.288],[3.069,-2.063],[0,-0.5],[0.25,0.5]],"v":[[-67.375,-49.125],[-86.75,-54.75],[-98.25,-44.5],[-99.25,-25],[-83.5,9.5],[-62.097,14.598],[-56.5,2],[-66.75,-32.5]],"c":false}]},{"i":{"x":0.833,"y":0.833},"o":{"x":0.167,"y":0.167},"t":11,"s":[{"i":[[0,0],[7.796,-3.39],[1.75,-2.75],[-1.35,-7.088],[-2.25,-5],[-14.172,1.542],[1.375,10.625],[14.25,29.75]],"o":[[0,0],[-8.625,3.75],[-1.75,2.75],[3,15.75],[6.765,15.033],[4.691,-0.51],[0,-0.5],[0.25,0.5]],"v":[[-70.375,-33.875],[-85.5,-37.25],[-96.75,-27],[-97.75,-7.5],[-86.75,21.75],[-56.328,49.583],[-48.875,31.5],[-63.75,-12.75]],"c":false}]},{"i":{"x":0.833,"y":0.833},"o":{"x":0.167,"y":0.167},"t":25,"s":[{"i":[[0,0],[7.796,-3.39],[1.75,-2.75],[-1.35,-7.088],[-2.25,-5],[-14.172,1.542],[1.375,10.625],[14.25,29.75]],"o":[[0,0],[-8.625,3.75],[-1.75,2.75],[3,15.75],[6.765,15.033],[4.691,-0.51],[0,-0.5],[0.25,0.5]],"v":[[-70.375,-33.875],[-85.5,-37.25],[-96.75,-27],[-97.75,-7.5],[-86.75,21.75],[-56.328,49.583],[-48.875,31.5],[-63.75,-12.75]],"c":false}]},{"t":43,"s":[{"i":[[0,0],[8.75,-4.25],[1.75,-2.75],[-1.75,-7],[-5.439,-6.744],[-6.59,4.43],[-0.318,6.593],[4.5,12.75]],"o":[[0,0],[-8.75,4.25],[-1.75,2.75],[1.75,7],[4.264,5.288],[3.069,-2.063],[0,-0.5],[0.25,0.5]],"v":[[-67.375,-49.125],[-86.75,-54.75],[-98.25,-44.5],[-99.25,-25],[-83.5,9.5],[-62.097,14.598],[-56.5,2],[-66.75,-32.5]],"c":false}]}],"ix":2},"nm":"Path 1","mn":"ADBE Vector Shape - Group","hd":false},{"ty":"fl","c":{"a":0,"k":[0.1450980392156863,0.7803921568627451,0.6078431372549019,1],"ix":4},"o":{"a":0,"k":100,"ix":5},"r":1,"bm":0,"nm":"Fill 1","mn":"ADBE Vector Graphic - Fill","hd":false},{"ty":"tr","p":{"a":0,"k":[0,0],"ix":2},"a":{"a":0,"k":[0,0],"ix":1},"s":{"a":0,"k":[100,100],"ix":3},"r":{"a":0,"k":0,"ix":6},"o":{"a":0,"k":100,"ix":7},"sk":{"a":0,"k":0,"ix":4},"sa":{"a":0,"k":0,"ix":5},"nm":"Transform"}],"nm":"Shape 1","np":3,"cix":2,"bm":0,"ix":3,"mn":"ADBE Vector Group","hd":false}],"ip":0,"op":80,"st":0,"bm":0},{"ddd":0,"ind":7,"ty":4,"nm":"Hand/Thump","sr":1,"ks":{"o":{"a":0,"k":100,"ix":11},"r":{"a":0,"k":0,"ix":10},"p":{"a":0,"k":[256,256,0],"ix":2},"a":{"a":0,"k":[0,0,0],"ix":1},"s":{"a":0,"k":[100,100,100],"ix":6}},"ao":0,"shapes":[{"ty":"gr","it":[{"ind":0,"ty":"sh","ix":1,"ks":{"a":1,"k":[{"i":{"x":0.833,"y":0.833},"o":{"x":0.167,"y":0.167},"t":0,"s":[{"i":[[0,0],[-6.5,-9.5],[-9,-0.75],[-1.75,14.5],[8.75,3.5],[6.25,2.25],[0,0],[0.75,5],[3.75,5.5],[26,-13.5],[0.5,-1],[-23.5,-54.5],[-12,-3],[-16,10],[-12.25,3.5],[0,0],[0,0],[0,0]],"o":[[0,0],[6.5,9.5],[9,0.75],[1.75,-14.5],[-8.75,-3.5],[-6.25,-2.25],[0,0],[-0.75,-5],[-3.75,-5.5],[-26,13.5],[-0.25,-0.25],[1,1.5],[12,3],[0.75,-0.5],[12.25,-3.5],[0,0],[0,0],[0,0]],"v":[[68.75,-1],[62.75,22],[90,37.75],[112.75,24.25],[96.25,-1.5],[59.5,-13.25],[42.5,-20],[35.25,-32],[28.875,-57.125],[-33.5,-72.5],[-68.5,-50.25],[-74.5,22],[-55,41],[-5,34],[39.25,32.5],[55.625,20.812],[52.375,20.812],[62.188,21.062]],"c":false}]},{"i":{"x":0.833,"y":0.833},"o":{"x":0.167,"y":0.167},"t":11,"s":[{"i":[[0,0],[-6.859,-11.174],[-9,-0.75],[-1.75,14.5],[8.75,3.5],[6.005,2.775],[0,0],[1.826,5.12],[4.682,4.515],[26.076,-10.152],[0.5,-1],[-23.5,-54.5],[-12,-3],[-16,10],[-12.25,3.5],[0,0],[0,0],[0,0]],"o":[[0,0],[6.073,9.765],[9,0.75],[1.75,-14.5],[-8.75,-3.5],[-4.696,-2.011],[0,0],[-1.591,-4.708],[-8.592,-6.875],[-29.924,14.848],[-0.25,-0.25],[1,1.5],[12,3],[0.75,-0.5],[12.25,-3.5],[0,0],[0,0],[0,0]],"v":[[68.511,-1.239],[61.315,22.837],[89.761,39.902],[110.478,25.565],[96.37,0.772],[55.315,-16.239],[44.533,-22.63],[39.12,-33.315],[28.538,-57.049],[-23.076,-62.848],[-67.957,-41.033],[-74.5,22],[-55,41],[-2.13,31.37],[39.25,32.5],[55.266,20.932],[52.375,20.812],[60.035,20.823]],"c":false}]},{"i":{"x":0.833,"y":0.833},"o":{"x":0.167,"y":0.167},"t":23,"s":[{"i":[[0,0],[-7.25,-13],[-9,-0.75],[-1.75,14.5],[8.75,3.5],[5.738,3.347],[0,0],[3,5.25],[5.699,3.44],[22.088,-10.756],[0.5,-1],[-18.5,-44.5],[-12,-3],[-16,10],[-12.25,3.5],[0,0],[0,0],[0,0]],"o":[[0,0],[5.607,10.053],[9,0.75],[1.75,-14.5],[-8.75,-3.5],[-3,-1.75],[0,0],[-2.508,-4.39],[-13.875,-8.375],[-28.75,14],[-0.25,-0.25],[1,1.5],[12,3],[0.75,-0.5],[12.25,-3.5],[0,0],[0,0],[0,0]],"v":[[68.25,-1.5],[59.75,23.75],[89.5,42.25],[108,27],[96.5,3.25],[50.75,-19.5],[46.75,-25.5],[41.25,-34.75],[27.125,-54.875],[-24.25,-56.5],[-70,-32.75],[-74.5,22],[-55,41],[1,28.5],[39.25,32.5],[54.875,21.062],[52.375,20.812],[57.688,20.562]],"c":false}]},{"i":{"x":0.833,"y":0.833},"o":{"x":0.167,"y":0.167},"t":25,"s":[{"i":[[0,0],[-7.25,-13],[-9,-0.75],[-1.75,14.5],[8.75,3.5],[5.738,3.347],[0,0],[3,5.25],[5.699,3.44],[22.088,-10.756],[0.5,-1],[-18.5,-44.5],[-12,-3],[-16,10],[-12.25,3.5],[0,0],[0,0],[0,0]],"o":[[0,0],[5.607,10.053],[9,0.75],[1.75,-14.5],[-8.75,-3.5],[-3,-1.75],[0,0],[-2.508,-4.39],[-13.875,-8.375],[-28.75,14],[-0.25,-0.25],[1,1.5],[12,3],[0.75,-0.5],[12.25,-3.5],[0,0],[0,0],[0,0]],"v":[[68.25,-1.5],[59.75,23.75],[89.5,42.25],[108,27],[96.5,3.25],[50.75,-19.5],[46.75,-25.5],[41.25,-34.75],[27.125,-54.875],[-24.25,-56.5],[-70,-32.75],[-74.5,22],[-55,41],[1,28.5],[39.25,32.5],[54.875,21.062],[52.375,20.812],[57.688,20.562]],"c":false}]},{"t":43,"s":[{"i":[[0,0],[-6.5,-9.5],[-9,-0.75],[-1.75,14.5],[8.75,3.5],[6.25,2.25],[0,0],[0.75,5],[3.75,5.5],[26,-13.5],[0.5,-1],[-23.5,-54.5],[-12,-3],[-16,10],[-12.25,3.5],[0,0],[0,0],[0,0]],"o":[[0,0],[6.5,9.5],[9,0.75],[1.75,-14.5],[-8.75,-3.5],[-6.25,-2.25],[0,0],[-0.75,-5],[-3.75,-5.5],[-26,13.5],[-0.25,-0.25],[1,1.5],[12,3],[0.75,-0.5],[12.25,-3.5],[0,0],[0,0],[0,0]],"v":[[68.75,-1],[62.75,22],[90,37.75],[112.75,24.25],[96.25,-1.5],[59.5,-13.25],[42.5,-20],[35.25,-32],[28.875,-57.125],[-33.5,-72.5],[-68.5,-50.25],[-74.5,22],[-55,41],[-5,34],[39.25,32.5],[55.625,20.812],[52.375,20.812],[62.188,21.062]],"c":false}]}],"ix":2},"nm":"Path 1","mn":"ADBE Vector Shape - Group","hd":false},{"ty":"st","c":{"a":0,"k":[1,1,1,1],"ix":3},"o":{"a":0,"k":100,"ix":4},"w":{"a":0,"k":2,"ix":5},"lc":2,"lj":2,"bm":0,"nm":"Stroke 1","mn":"ADBE Vector Graphic - Stroke","hd":false},{"ty":"tr","p":{"a":0,"k":[0,0],"ix":2},"a":{"a":0,"k":[0,0],"ix":1},"s":{"a":0,"k":[100,100],"ix":3},"r":{"a":0,"k":0,"ix":6},"o":{"a":0,"k":100,"ix":7},"sk":{"a":0,"k":0,"ix":4},"sa":{"a":0,"k":0,"ix":5},"nm":"Transform"}],"nm":"Shape 3","np":3,"cix":2,"bm":0,"ix":1,"mn":"ADBE Vector Group","hd":false},{"ty":"gr","it":[{"ind":0,"ty":"sh","ix":1,"ks":{"a":1,"k":[{"i":{"x":0.833,"y":0.833},"o":{"x":0.167,"y":0.167},"t":0,"s":[{"i":[[26,-13.5],[0.5,-1],[-9.671,-39.373],[0,0],[-1.542,-3.576],[-12,-3],[-16,10],[-12.328,3.216],[0,0],[-2,0.312],[0,0],[0,0],[-7.625,-15.875],[-3,0.5],[-0.375,9.125],[8.75,3.5],[6.25,2.25],[0,0],[0.75,5],[3.75,5.5]],"o":[[-26,13.5],[-0.217,-0.217],[0.722,2.939],[0,0],[1,1.5],[12,3],[0.75,-0.5],[5.75,-1.5],[0,0],[-1.5,-11.562],[0,0],[0,0],[6.658,13.861],[4.378,-0.73],[0.6,-14.593],[-8.75,-3.5],[-6.25,-2.25],[0,0],[-0.75,-5],[-3.75,-5.5]],"v":[[-33.5,-72.5],[-60.25,-56.75],[-72.938,-4.015],[-35.467,-18.261],[-66.25,15.5],[-46.75,34.5],[3.5,28],[47.75,26.5],[55.625,20.812],[61.125,20.812],[67.062,0.562],[69.25,-1.5],[102.5,16],[99.5,38.25],[112.75,24.25],[96.25,-1.5],[59.5,-13.25],[42.5,-20],[35.25,-32],[28.875,-57.125]],"c":true}]},{"i":{"x":0.833,"y":0.833},"o":{"x":0.167,"y":0.167},"t":11,"s":[{"i":[[31,-14.75],[7.25,-6.25],[-2.812,-16.485],[0,0],[-1.542,-3.576],[-12,-3],[-16,10],[-14,1.75],[0,0],[-2,0.312],[0,0],[0,0],[-7.625,-15.875],[-3,0.5],[-0.375,9.125],[8.75,3.5],[6.25,2.25],[0,0],[2.5,6],[3.75,5.5]],"o":[[-31.818,15.139],[-3,5.25],[0.501,2.985],[0,0],[1,1.5],[12,3],[0.75,-0.5],[5.897,-0.737],[0,0],[-2.375,-12.312],[0,0],[0,0],[6.658,13.861],[4.378,-0.73],[0.6,-14.593],[-8.75,-3.5],[-6.25,-2.25],[0,0],[-1.945,-4.667],[-3.75,-5.5]],"v":[[-29.25,-60.25],[-71.375,-37.625],[-72.938,-4.015],[-35.467,-18.261],[-66.25,15.5],[-46.75,34.5],[7.75,24.25],[42.5,27],[52.125,20.312],[59.125,19.812],[67.062,0.562],[69.25,-1.5],[99.25,15.25],[98.5,40.5],[110.25,26.5],[97.75,2.75],[61.75,-12.75],[47.25,-20.25],[38.75,-35],[28.875,-57.125]],"c":true}]},{"i":{"x":0.833,"y":0.833},"o":{"x":0.167,"y":0.167},"t":23,"s":[{"i":[[31.75,-16.75],[5.25,-7.25],[-2.812,-16.485],[0,0],[-1.542,-3.576],[-12,-3],[-16,10],[-14,1.75],[0,0],[-2,0.312],[0,0],[0,0],[-2.979,-7.172],[-2.964,0.684],[-0.375,9.125],[8.75,3.5],[6.375,3.75],[0,0],[2.375,4.125],[3.75,5.5]],"o":[[-31.165,16.441],[-3,5.25],[0.501,2.985],[0,0],[1,1.5],[12,3],[0.75,-0.5],[5.897,-0.737],[0,0],[-2.375,-12.312],[0,0],[0,0],[6.75,16.25],[6.5,-1.5],[0.6,-14.593],[-8.75,-3.5],[-5.726,-3.368],[0,0],[-2.523,-4.382],[-3.75,-5.5]],"v":[[-22.75,-57.25],[-64,-28.75],[-65.938,4.485],[-28.467,-9.761],[-59.25,24],[-46.75,34.5],[7.75,24.25],[42.5,27],[52.125,20.312],[59.125,19.812],[67.062,0.562],[69.25,-1.5],[96.25,15],[98.5,40.5],[108.5,23.25],[88.25,-1.25],[58.75,-15.125],[51.75,-18.625],[45.75,-26.5],[34.125,-47.375]],"c":true}]},{"i":{"x":0.833,"y":0.833},"o":{"x":0.167,"y":0.167},"t":25,"s":[{"i":[[31.75,-16.75],[5.25,-7.25],[-2.812,-16.485],[0,0],[-1.542,-3.576],[-12,-3],[-16,10],[-14,1.75],[0,0],[-2,0.312],[0,0],[0,0],[-2.979,-7.172],[-2.964,0.684],[-0.375,9.125],[8.75,3.5],[6.375,3.75],[0,0],[2.375,4.125],[3.75,5.5]],"o":[[-31.165,16.441],[-3,5.25],[0.501,2.985],[0,0],[1,1.5],[12,3],[0.75,-0.5],[5.897,-0.737],[0,0],[-2.375,-12.312],[0,0],[0,0],[6.75,16.25],[6.5,-1.5],[0.6,-14.593],[-8.75,-3.5],[-5.726,-3.368],[0,0],[-2.523,-4.382],[-3.75,-5.5]],"v":[[-22.75,-57.25],[-64,-28.75],[-65.938,4.485],[-28.467,-9.761],[-59.25,24],[-46.75,34.5],[7.75,24.25],[42.5,27],[52.125,20.312],[59.125,19.812],[67.062,0.562],[69.25,-1.5],[96.25,15],[98.5,40.5],[108.5,23.25],[88.25,-1.25],[58.75,-15.125],[51.75,-18.625],[45.75,-26.5],[34.125,-47.375]],"c":true}]},{"t":43,"s":[{"i":[[26,-13.5],[0.5,-1],[-25.062,-31.735],[0,0],[-1.542,-3.576],[-12,-3],[-16,10],[-12.328,3.216],[0,0],[-2,0.312],[0,0],[0,0],[-7.625,-15.875],[-3,0.5],[-0.375,9.125],[8.75,3.5],[6.25,2.25],[0,0],[0.75,5],[3.75,5.5]],"o":[[-26,13.5],[-0.217,-0.217],[1.876,2.375],[0,0],[1,1.5],[12,3],[0.75,-0.5],[5.75,-1.5],[0,0],[-1.5,-11.562],[0,0],[0,0],[6.658,13.861],[4.378,-0.73],[0.6,-14.593],[-8.75,-3.5],[-6.25,-2.25],[0,0],[-0.75,-5],[-3.75,-5.5]],"v":[[-33.5,-72.5],[-59,-57.5],[-72.938,-4.015],[-35.467,-18.261],[-66.25,15.5],[-46.75,34.5],[3.5,28],[47.75,26.5],[55.625,20.812],[61.125,20.812],[67.062,0.562],[69.25,-1.5],[102.5,16],[99.5,38.25],[112.75,24.25],[96.25,-1.5],[59.5,-13.25],[42.5,-20],[35.25,-32],[28.875,-57.125]],"c":true}]}],"ix":2},"nm":"Path 1","mn":"ADBE Vector Shape - Group","hd":false},{"ty":"fl","c":{"a":0,"k":[0.10980392156862745,0.6,0.4666666666666667,1],"ix":4},"o":{"a":0,"k":100,"ix":5},"r":1,"bm":0,"nm":"Fill 1","mn":"ADBE Vector Graphic - Fill","hd":false},{"ty":"tr","p":{"a":0,"k":[0,0],"ix":2},"a":{"a":0,"k":[0,0],"ix":1},"s":{"a":0,"k":[100,100],"ix":3},"r":{"a":0,"k":0,"ix":6},"o":{"a":0,"k":100,"ix":7},"sk":{"a":0,"k":0,"ix":4},"sa":{"a":0,"k":0,"ix":5},"nm":"Transform"}],"nm":"Shape 2","np":3,"cix":2,"bm":0,"ix":2,"mn":"ADBE Vector Group","hd":false},{"ty":"gr","it":[{"ind":0,"ty":"sh","ix":1,"ks":{"a":1,"k":[{"i":{"x":0.833,"y":0.833},"o":{"x":0.167,"y":0.167},"t":0,"s":[{"i":[[0,0],[-6.5,-9.5],[-9,-0.75],[-1.75,14.5],[8.75,3.5],[6.25,2.25],[0,0],[0.75,5],[3.75,5.5],[26,-13.5],[0.5,-1],[-23.5,-54.5],[-12,-3],[-16,10],[-12.25,3.5],[0,0],[0,0],[0,0]],"o":[[0,0],[6.5,9.5],[9,0.75],[1.75,-14.5],[-8.75,-3.5],[-6.25,-2.25],[0,0],[-0.75,-5],[-3.75,-5.5],[-26,13.5],[-0.25,-0.25],[1,1.5],[12,3],[0.75,-0.5],[12.25,-3.5],[0,0],[0,0],[0,0]],"v":[[68.75,-1],[62.75,22],[90,37.75],[112.75,24.25],[96.25,-1.5],[59.5,-13.25],[42.5,-20],[35.25,-32],[28.875,-57.125],[-33.5,-72.5],[-68.5,-50.25],[-74.5,22],[-55,41],[-5,34],[39.25,32.5],[55.625,20.812],[52.375,20.812],[62.188,21.062]],"c":false}]},{"i":{"x":0.833,"y":0.833},"o":{"x":0.167,"y":0.167},"t":11,"s":[{"i":[[0,0],[-6.859,-11.174],[-9,-0.75],[-1.75,14.5],[8.75,3.5],[6.005,2.775],[0,0],[1.826,5.12],[4.682,4.515],[26.076,-10.152],[0.5,-1],[-23.5,-54.5],[-12,-3],[-16,10],[-12.25,3.5],[0,0],[0,0],[0,0]],"o":[[0,0],[6.073,9.765],[9,0.75],[1.75,-14.5],[-8.75,-3.5],[-4.696,-2.011],[0,0],[-1.591,-4.708],[-8.592,-6.875],[-29.924,14.848],[-0.25,-0.25],[1,1.5],[12,3],[0.75,-0.5],[12.25,-3.5],[0,0],[0,0],[0,0]],"v":[[68.511,-1.239],[61.315,22.837],[89.761,39.902],[110.478,25.565],[96.37,0.772],[55.315,-16.239],[44.533,-22.63],[39.12,-33.315],[28.538,-57.049],[-23.076,-62.848],[-67.957,-41.033],[-74.5,22],[-55,41],[-2.13,31.37],[39.25,32.5],[55.266,20.932],[52.375,20.812],[60.035,20.823]],"c":false}]},{"i":{"x":0.833,"y":0.833},"o":{"x":0.167,"y":0.167},"t":23,"s":[{"i":[[0,0],[-7.25,-13],[-9,-0.75],[-1.75,14.5],[8.75,3.5],[5.738,3.347],[0,0],[3,5.25],[5.699,3.44],[22.088,-10.756],[0.5,-1],[-18.5,-44.5],[-12,-3],[-16,10],[-12.25,3.5],[0,0],[0,0],[0,0]],"o":[[0,0],[5.607,10.053],[9,0.75],[1.75,-14.5],[-8.75,-3.5],[-3,-1.75],[0,0],[-2.508,-4.39],[-13.875,-8.375],[-28.75,14],[-0.25,-0.25],[1,1.5],[12,3],[0.75,-0.5],[12.25,-3.5],[0,0],[0,0],[0,0]],"v":[[68.25,-1.5],[59.75,23.75],[89.5,42.25],[108,27],[96.5,3.25],[50.75,-19.5],[46.75,-25.5],[41.25,-34.75],[27.125,-54.875],[-24.25,-56.5],[-70,-32.75],[-74.5,22],[-55,41],[1,28.5],[39.25,32.5],[54.875,21.062],[52.375,20.812],[57.688,20.562]],"c":false}]},{"i":{"x":0.833,"y":0.833},"o":{"x":0.167,"y":0.167},"t":25,"s":[{"i":[[0,0],[-7.25,-13],[-9,-0.75],[-1.75,14.5],[8.75,3.5],[5.738,3.347],[0,0],[3,5.25],[5.699,3.44],[22.088,-10.756],[0.5,-1],[-18.5,-44.5],[-12,-3],[-16,10],[-12.25,3.5],[0,0],[0,0],[0,0]],"o":[[0,0],[5.607,10.053],[9,0.75],[1.75,-14.5],[-8.75,-3.5],[-3,-1.75],[0,0],[-2.508,-4.39],[-13.875,-8.375],[-28.75,14],[-0.25,-0.25],[1,1.5],[12,3],[0.75,-0.5],[12.25,-3.5],[0,0],[0,0],[0,0]],"v":[[68.25,-1.5],[59.75,23.75],[89.5,42.25],[108,27],[96.5,3.25],[50.75,-19.5],[46.75,-25.5],[41.25,-34.75],[27.125,-54.875],[-24.25,-56.5],[-70,-32.75],[-74.5,22],[-55,41],[1,28.5],[39.25,32.5],[54.875,21.062],[52.375,20.812],[57.688,20.562]],"c":false}]},{"t":43,"s":[{"i":[[0,0],[-6.5,-9.5],[-9,-0.75],[-1.75,14.5],[8.75,3.5],[6.25,2.25],[0,0],[0.75,5],[3.75,5.5],[26,-13.5],[0.5,-1],[-23.5,-54.5],[-12,-3],[-16,10],[-12.25,3.5],[0,0],[0,0],[0,0]],"o":[[0,0],[6.5,9.5],[9,0.75],[1.75,-14.5],[-8.75,-3.5],[-6.25,-2.25],[0,0],[-0.75,-5],[-3.75,-5.5],[-26,13.5],[-0.25,-0.25],[1,1.5],[12,3],[0.75,-0.5],[12.25,-3.5],[0,0],[0,0],[0,0]],"v":[[68.75,-1],[62.75,22],[90,37.75],[112.75,24.25],[96.25,-1.5],[59.5,-13.25],[42.5,-20],[35.25,-32],[28.875,-57.125],[-33.5,-72.5],[-68.5,-50.25],[-74.5,22],[-55,41],[-5,34],[39.25,32.5],[55.625,20.812],[52.375,20.812],[62.188,21.062]],"c":false}]}],"ix":2},"nm":"Path 1","mn":"ADBE Vector Shape - Group","hd":false},{"ty":"fl","c":{"a":0,"k":[0.1450980392156863,0.7803921568627451,0.6078431372549019,1],"ix":4},"o":{"a":0,"k":100,"ix":5},"r":1,"bm":0,"nm":"Fill 1","mn":"ADBE Vector Graphic - Fill","hd":false},{"ty":"tr","p":{"a":0,"k":[0,0],"ix":2},"a":{"a":0,"k":[0,0],"ix":1},"s":{"a":0,"k":[100,100],"ix":3},"r":{"a":0,"k":0,"ix":6},"o":{"a":0,"k":100,"ix":7},"sk":{"a":0,"k":0,"ix":4},"sa":{"a":0,"k":0,"ix":5},"nm":"Transform"}],"nm":"Shape 1","np":3,"cix":2,"bm":0,"ix":3,"mn":"ADBE Vector Group","hd":false}],"ip":0,"op":80,"st":0,"bm":0},{"ddd":0,"ind":8,"ty":4,"nm":"shadow","sr":1,"ks":{"o":{"a":0,"k":50,"ix":11},"r":{"a":0,"k":0,"ix":10},"p":{"a":0,"k":[256,256,0],"ix":2},"a":{"a":0,"k":[0,0,0],"ix":1},"s":{"a":0,"k":[100,100,100],"ix":6}},"ao":0,"shapes":[{"ty":"gr","it":[{"ind":0,"ty":"sh","ix":1,"ks":{"a":1,"k":[{"i":{"x":0.833,"y":0.833},"o":{"x":0.167,"y":0.167},"t":0,"s":[{"i":[[95.5,4],[0,0],[-23.75,-2.25],[-23.5,1.25],[-5.25,3.25],[-5.36,-0.133],[-5.702,-0.129],[-6.5,-0.112],[-4.237,-0.051],[-11.143,5.65]],"o":[[-95.5,-4],[0,0],[0,-0.25],[0.25,0],[3.873,0.082],[4.819,0.119],[5.886,0.133],[4.1,0.07],[41.645,0.503],[0,-0.25]],"v":[[34.75,34.5],[-64,36.5],[-74,42.25],[-53.5,48.5],[-43.5,45.25],[-29.547,45.582],[-13.689,45.962],[4.972,46.338],[17.498,46.522],[116.5,40.75]],"c":true}]},{"i":{"x":0.833,"y":0.833},"o":{"x":0.167,"y":0.167},"t":11,"s":[{"i":[[75.5,3],[0,0],[-23.75,-2.25],[-23.5,1.25],[-0.75,5.25],[-6.787,-0.863],[-3.249,1.461],[-5.611,-0.094],[-3.459,-0.044],[-11.254,5.706]],"o":[[-95.508,-3.795],[0,0],[0,-0.25],[0.25,0],[4.708,0.099],[8.492,1.08],[4.732,-2.128],[3.368,0.057],[41.965,0.53],[0,-0.25]],"v":[[51.5,35.25],[-64,36.5],[-74,42.25],[-52.25,51],[-43.5,45.25],[-25.492,50.17],[-10.251,46.039],[5.998,46.855],[16.25,46.507],[116.5,40.75]],"c":true}]},{"i":{"x":0.833,"y":0.833},"o":{"x":0.167,"y":0.167},"t":23,"s":[{"i":[[75.5,3],[0,0],[-23.75,-2.25],[-23.5,1.25],[-0.75,5.25],[-6.787,-0.863],[-3.249,1.461],[-5.577,-0.624],[-3.75,1.243],[-11.254,5.706]],"o":[[-95.508,-3.795],[0,0],[0,-0.25],[0.25,0],[4.708,0.099],[8.492,1.08],[4.732,-2.128],[8.002,0.895],[42.25,1.493],[0,-0.25]],"v":[[51.5,35.25],[-64,36.5],[-74,42.25],[-52.25,51],[-43.5,45.25],[-25.492,50.17],[-10.251,46.039],[0.748,49.855],[18.75,46.757],[116.5,40.75]],"c":true}]},{"i":{"x":0.833,"y":0.833},"o":{"x":0.167,"y":0.167},"t":25,"s":[{"i":[[75.5,3],[0,0],[-23.75,-2.25],[-23.5,1.25],[-0.75,5.25],[-6.787,-0.863],[-3.249,1.461],[-5.577,-0.624],[-3.75,1.243],[-11.254,5.706]],"o":[[-95.508,-3.795],[0,0],[0,-0.25],[0.25,0],[4.708,0.099],[8.492,1.08],[4.732,-2.128],[8.002,0.895],[42.25,1.493],[0,-0.25]],"v":[[51.5,35.25],[-64,36.5],[-74,42.25],[-52.25,51],[-43.5,45.25],[-25.492,50.17],[-10.251,46.039],[0.748,49.855],[18.75,46.757],[116.5,40.75]],"c":true}]},{"t":43,"s":[{"i":[[95.5,4],[0,0],[-23.75,-2.25],[-23.5,1.25],[-5.25,3.25],[-5.36,-0.133],[-5.702,-0.129],[-6.5,-0.112],[-4.237,-0.051],[-11.143,5.65]],"o":[[-95.5,-4],[0,0],[0,-0.25],[0.25,0],[3.873,0.082],[4.819,0.119],[5.886,0.133],[4.1,0.07],[41.645,0.503],[0,-0.25]],"v":[[34.75,34.5],[-64,36.5],[-74,42.25],[-53.5,48.5],[-43.5,45.25],[-29.547,45.582],[-13.689,45.962],[4.972,46.338],[17.498,46.522],[116.5,40.75]],"c":true}]}],"ix":2},"nm":"Path 1","mn":"ADBE Vector Shape - Group","hd":false},{"ty":"fl","c":{"a":0,"k":[0.266666680574,0.266666680574,0.266666680574,1],"ix":4},"o":{"a":0,"k":100,"ix":5},"r":1,"bm":0,"nm":"Fill 1","mn":"ADBE Vector Graphic - Fill","hd":false},{"ty":"tr","p":{"a":0,"k":[0,0],"ix":2},"a":{"a":0,"k":[0,0],"ix":1},"s":{"a":0,"k":[100,100],"ix":3},"r":{"a":0,"k":0,"ix":6},"o":{"a":0,"k":100,"ix":7},"sk":{"a":0,"k":0,"ix":4},"sa":{"a":0,"k":0,"ix":5},"nm":"Transform"}],"nm":"Shape 1","np":3,"cix":2,"bm":0,"ix":1,"mn":"ADBE Vector Group","hd":false}],"ip":0,"op":80,"st":0,"bm":0}],"markers":[]}