{
  "project_info": {
    "project_number": "24940322757",
    "project_id": "stream4life-2d125",
    "storage_bucket": "stream4life-2d125.firebasestorage.app"
  },
  "client": [
    {
      "client_info": {
        "mobilesdk_app_id": "1:24940322757:android:169484658243c26dc135ac",
        "android_client_info": {
          "package_name": "com.example.stream4life"
        }
      },
      "oauth_client": [],
      "api_key": [
        {
          "current_key": "AIzaSyDUE0pBX-wxezQqQPQ4o80otBpYfcA57_w"
        }
      ],
      "services": {
        "appinvite_service": {
          "other_platform_oauth_client": []
        }
      }
    }
  ],
  "configuration_version": "1"
}